user_id,signup_date,acquisition_channel,country
826,2024-01-01,paid_ads,Other
123,2024-01-01,organic,India
736,2024-01-01,referral,India
1211,2024-01-01,paid_ads,India
632,2024-01-01,organic,India
1196,2024-01-01,organic,India
1142,2024-01-01,paid_ads,India
1134,2024-01-01,social,India
475,2024-01-01,organic,US
849,2024-01-01,organic,India
1002,2024-01-01,social,India
661,2024-01-01,organic,India
955,2024-01-01,referral,India
437,2024-01-01,referral,India
65,2024-01-02,social,Other
194,2024-01-02,referral,Other
248,2024-01-02,paid_ads,India
481,2024-01-02,paid_ads,India
1275,2024-01-02,paid_ads,India
19,2024-01-02,organic,India
867,2024-01-03,referral,US
665,2024-01-03,paid_ads,India
1490,2024-01-03,paid_ads,India
220,2024-01-03,referral,Other
965,2024-01-03,organic,Other
727,2024-01-03,organic,Other
750,2024-01-03,social,India
168,2024-01-03,paid_ads,US
931,2024-01-04,organic,US
69,2024-01-04,social,Other
914,2024-01-04,referral,India
1457,2024-01-04,organic,Other
315,2024-01-04,organic,India
1307,2024-01-04,paid_ads,India
477,2024-01-04,paid_ads,US
739,2024-01-04,organic,India
124,2024-01-05,paid_ads,India
701,2024-01-05,social,UK
104,2024-01-05,organic,US
970,2024-01-05,organic,Other
403,2024-01-05,social,US
819,2024-01-05,organic,US
1082,2024-01-05,social,US
1068,2024-01-05,referral,India
1017,2024-01-05,organic,India
599,2024-01-05,organic,India
1284,2024-01-05,social,Other
405,2024-01-06,social,UK
793,2024-01-06,organic,UK
723,2024-01-06,referral,India
323,2024-01-06,paid_ads,India
928,2024-01-06,referral,India
902,2024-01-06,social,Other
590,2024-01-07,paid_ads,India
866,2024-01-07,paid_ads,US
1262,2024-01-07,paid_ads,India
1431,2024-01-07,organic,India
242,2024-01-07,organic,US
1264,2024-01-07,paid_ads,India
399,2024-01-08,referral,Other
1238,2024-01-08,paid_ads,Other
850,2024-01-08,organic,India
674,2024-01-08,paid_ads,India
1248,2024-01-08,paid_ads,India
304,2024-01-08,paid_ads,India
804,2024-01-08,organic,US
1222,2024-01-08,referral,India
1407,2024-01-08,organic,India
512,2024-01-08,paid_ads,US
895,2024-01-08,referral,India
374,2024-01-08,organic,Other
57,2024-01-08,paid_ads,US
254,2024-01-09,organic,India
92,2024-01-09,referral,Other
984,2024-01-09,referral,India
558,2024-01-09,social,India
49,2024-01-09,organic,India
1302,2024-01-09,social,India
587,2024-01-09,organic,India
1482,2024-01-10,social,India
969,2024-01-10,organic,India
1067,2024-01-10,organic,India
1228,2024-01-10,organic,India
697,2024-01-10,social,US
467,2024-01-10,referral,India
1421,2024-01-10,organic,US
1356,2024-01-11,social,India
708,2024-01-11,referral,India
1132,2024-01-11,organic,India
1279,2024-01-11,organic,India
236,2024-01-11,paid_ads,India
1099,2024-01-11,paid_ads,Other
1010,2024-01-11,organic,India
1358,2024-01-11,organic,UK
1413,2024-01-12,paid_ads,India
505,2024-01-12,paid_ads,India
185,2024-01-12,organic,US
753,2024-01-12,organic,US
1338,2024-01-12,organic,US
828,2024-01-12,referral,Other
538,2024-01-12,organic,India
667,2024-01-12,organic,UK
1393,2024-01-12,social,US
109,2024-01-12,referral,Other
1403,2024-01-12,paid_ads,India
495,2024-01-12,organic,India
1470,2024-01-13,organic,India
366,2024-01-13,organic,India
144,2024-01-13,organic,US
540,2024-01-13,organic,UK
975,2024-01-13,organic,US
415,2024-01-13,paid_ads,India
884,2024-01-13,paid_ads,Other
74,2024-01-14,organic,India
863,2024-01-14,organic,UK
1301,2024-01-14,paid_ads,India
1443,2024-01-14,social,India
658,2024-01-14,referral,India
48,2024-01-14,organic,India
1032,2024-01-14,organic,Other
857,2024-01-14,referral,US
1012,2024-01-14,organic,India
1428,2024-01-14,referral,Other
129,2024-01-15,organic,India
1054,2024-01-15,social,India
396,2024-01-15,organic,India
32,2024-01-15,paid_ads,US
874,2024-01-15,referral,India
1455,2024-01-15,organic,India
87,2024-01-15,referral,US
1079,2024-01-15,organic,US
4,2024-01-15,social,India
77,2024-01-15,organic,US
669,2024-01-16,organic,India
1422,2024-01-16,referral,India
446,2024-01-16,organic,India
478,2024-01-16,paid_ads,US
1480,2024-01-16,organic,US
1462,2024-01-16,organic,India
1442,2024-01-17,referral,India
878,2024-01-17,referral,UK
1398,2024-01-17,paid_ads,India
318,2024-01-17,organic,India
1167,2024-01-17,organic,India
1323,2024-01-17,paid_ads,India
353,2024-01-17,organic,India
789,2024-01-17,referral,US
545,2024-01-17,organic,India
1378,2024-01-17,paid_ads,India
983,2024-01-17,paid_ads,UK
337,2024-01-18,organic,India
44,2024-01-18,organic,UK
1472,2024-01-18,organic,US
1210,2024-01-18,organic,US
871,2024-01-18,paid_ads,UK
424,2024-01-19,paid_ads,India
620,2024-01-19,organic,India
615,2024-01-19,referral,UK
1394,2024-01-19,referral,India
1209,2024-01-19,social,India
950,2024-01-19,referral,India
552,2024-01-19,organic,India
372,2024-01-20,paid_ads,US
1283,2024-01-20,referral,US
951,2024-01-20,paid_ads,India
654,2024-01-20,organic,India
307,2024-01-21,organic,India
911,2024-01-21,organic,India
24,2024-01-21,referral,UK
41,2024-01-21,social,UK
526,2024-01-21,organic,UK
287,2024-01-21,organic,India
7,2024-01-21,paid_ads,US
818,2024-01-21,paid_ads,India
1306,2024-01-22,paid_ads,Other
299,2024-01-22,organic,US
448,2024-01-22,organic,US
823,2024-01-22,paid_ads,US
27,2024-01-22,organic,India
1104,2024-01-23,social,India
728,2024-01-23,paid_ads,India
541,2024-01-23,organic,India
1038,2024-01-23,organic,India
466,2024-01-23,organic,India
430,2024-01-23,organic,UK
479,2024-01-24,paid_ads,India
210,2024-01-24,organic,India
1293,2024-01-24,organic,India
327,2024-01-24,organic,India
82,2024-01-24,social,India
344,2024-01-24,organic,US
808,2024-01-25,social,India
1159,2024-01-25,social,India
1411,2024-01-25,organic,India
885,2024-01-25,organic,India
1304,2024-01-25,organic,India
882,2024-01-25,organic,India
338,2024-01-25,social,India
1173,2024-01-25,organic,US
1384,2024-01-25,organic,India
569,2024-01-25,organic,India
1353,2024-01-26,organic,India
941,2024-01-26,referral,India
904,2024-01-26,organic,Other
1418,2024-01-26,organic,US
361,2024-01-26,organic,India
1425,2024-01-26,organic,India
847,2024-01-26,organic,US
837,2024-01-26,paid_ads,Other
1094,2024-01-26,organic,US
710,2024-01-26,organic,India
127,2024-01-27,organic,UK
597,2024-01-27,paid_ads,Other
165,2024-01-27,organic,US
1332,2024-01-27,referral,India
714,2024-01-27,paid_ads,India
306,2024-01-27,paid_ads,India
1096,2024-01-27,organic,India
305,2024-01-27,organic,India
682,2024-01-28,organic,India
559,2024-01-28,paid_ads,US
876,2024-01-28,organic,UK
148,2024-01-28,referral,India
154,2024-01-28,organic,US
155,2024-01-28,organic,India
858,2024-01-28,organic,US
310,2024-01-28,organic,India
106,2024-01-28,referral,India
455,2024-01-29,paid_ads,India
1478,2024-01-29,paid_ads,India
600,2024-01-29,organic,US
1129,2024-01-29,organic,US
503,2024-01-29,organic,India
1178,2024-01-29,social,India
1309,2024-01-29,organic,UK
142,2024-01-29,referral,India
1273,2024-01-29,social,Other
1354,2024-01-29,paid_ads,India
784,2024-01-29,referral,India
1203,2024-01-29,organic,India
159,2024-01-30,social,Other
772,2024-01-30,paid_ads,India
779,2024-01-30,organic,US
1014,2024-01-30,organic,Other
699,2024-01-30,organic,US
1206,2024-01-30,organic,India
544,2024-01-30,social,India
308,2024-01-30,organic,US
1334,2024-01-31,paid_ads,India
924,2024-01-31,organic,India
1125,2024-01-31,organic,India
1033,2024-02-01,social,US
1234,2024-02-01,paid_ads,India
741,2024-02-01,social,UK
346,2024-02-01,organic,UK
1227,2024-02-01,organic,India
1201,2024-02-01,paid_ads,India
382,2024-02-01,social,UK
1420,2024-02-01,social,US
1254,2024-02-01,organic,India
909,2024-02-02,referral,India
703,2024-02-02,organic,India
464,2024-02-02,referral,India
1057,2024-02-02,paid_ads,India
295,2024-02-02,organic,India
285,2024-02-02,organic,India
490,2024-02-02,social,India
1064,2024-02-02,organic,US
111,2024-02-02,organic,US
102,2024-02-02,organic,US
1370,2024-02-02,organic,UK
470,2024-02-03,organic,India
831,2024-02-03,referral,US
1322,2024-02-03,organic,US
438,2024-02-03,paid_ads,India
893,2024-02-03,social,India
792,2024-02-03,referral,India
742,2024-02-03,referral,India
1468,2024-02-03,referral,US
1157,2024-02-04,organic,India
119,2024-02-04,organic,UK
316,2024-02-04,social,US
1001,2024-02-04,organic,India
1386,2024-02-04,referral,India
1015,2024-02-04,organic,UK
691,2024-02-04,organic,US
509,2024-02-04,organic,US
59,2024-02-04,organic,India
1250,2024-02-04,referral,India
1272,2024-02-05,paid_ads,India
533,2024-02-05,organic,Other
1351,2024-02-05,referral,Other
848,2024-02-05,organic,India
1093,2024-02-05,referral,US
370,2024-02-05,social,India
926,2024-02-05,organic,UK
612,2024-02-05,paid_ads,US
143,2024-02-05,organic,UK
1371,2024-02-05,referral,India
1312,2024-02-06,organic,India
1450,2024-02-06,organic,India
1497,2024-02-06,organic,UK
1285,2024-02-06,referral,India
252,2024-02-06,social,UK
960,2024-02-06,social,India
1120,2024-02-06,organic,India
115,2024-02-06,referral,India
326,2024-02-06,organic,India
537,2024-02-06,paid_ads,US
959,2024-02-07,social,India
872,2024-02-07,organic,India
987,2024-02-07,organic,US
1162,2024-02-07,social,Other
1102,2024-02-07,organic,US
301,2024-02-07,organic,UK
1061,2024-02-07,organic,India
768,2024-02-07,organic,US
1073,2024-02-07,organic,India
209,2024-02-07,social,India
22,2024-02-07,organic,India
1454,2024-02-08,social,India
746,2024-02-08,organic,India
877,2024-02-08,organic,India
1476,2024-02-08,paid_ads,India
1385,2024-02-08,referral,India
462,2024-02-08,organic,Other
621,2024-02-08,paid_ads,India
576,2024-02-08,organic,UK
1361,2024-02-08,organic,Other
359,2024-02-08,paid_ads,US
1030,2024-02-08,organic,India
1047,2024-02-08,organic,India
186,2024-02-08,paid_ads,Other
232,2024-02-08,paid_ads,India
1303,2024-02-09,paid_ads,US
1377,2024-02-09,referral,Other
78,2024-02-09,social,India
1003,2024-02-09,paid_ads,India
1130,2024-02-09,organic,India
925,2024-02-09,organic,UK
1357,2024-02-09,paid_ads,India
1028,2024-02-09,organic,India
105,2024-02-10,organic,India
85,2024-02-10,social,UK
1131,2024-02-10,social,India
1320,2024-02-10,referral,India
684,2024-02-10,organic,US
1025,2024-02-11,organic,India
578,2024-02-11,organic,UK
899,2024-02-11,social,India
131,2024-02-11,organic,India
240,2024-02-11,paid_ads,US
1053,2024-02-11,social,US
1318,2024-02-11,paid_ads,US
1383,2024-02-11,referral,Other
501,2024-02-12,organic,India
1095,2024-02-12,organic,India
796,2024-02-12,social,US
357,2024-02-12,paid_ads,India
881,2024-02-13,organic,US
157,2024-02-13,referral,US
502,2024-02-13,organic,India
643,2024-02-13,organic,UK
944,2024-02-13,referral,India
72,2024-02-13,social,India
1396,2024-02-13,organic,India
88,2024-02-14,organic,US
1447,2024-02-14,paid_ads,UK
610,2024-02-14,paid_ads,India
834,2024-02-14,referral,India
151,2024-02-14,social,UK
1107,2024-02-15,organic,US
1477,2024-02-15,paid_ads,India
507,2024-02-15,paid_ads,India
1345,2024-02-15,organic,India
830,2024-02-15,organic,UK
1256,2024-02-15,referral,India
329,2024-02-15,organic,India
690,2024-02-15,social,UK
321,2024-02-15,organic,India
1135,2024-02-15,referral,India
648,2024-02-16,organic,India
1277,2024-02-16,organic,India
409,2024-02-16,organic,US
1402,2024-02-16,referral,India
695,2024-02-16,social,US
1419,2024-02-16,paid_ads,UK
954,2024-02-16,organic,India
759,2024-02-16,paid_ads,India
838,2024-02-16,organic,UK
1076,2024-02-16,paid_ads,India
854,2024-02-16,referral,India
457,2024-02-16,referral,US
1084,2024-02-16,organic,US
1105,2024-02-16,organic,India
656,2024-02-16,organic,India
844,2024-02-17,paid_ads,India
288,2024-02-17,paid_ads,India
442,2024-02-17,organic,UK
76,2024-02-17,organic,US
250,2024-02-17,paid_ads,India
313,2024-02-17,organic,India
257,2024-02-17,paid_ads,India
112,2024-02-17,referral,Other
317,2024-02-18,organic,US
657,2024-02-18,paid_ads,India
392,2024-02-18,social,US
1184,2024-02-18,social,UK
1397,2024-02-18,paid_ads,India
991,2024-02-18,paid_ads,India
1204,2024-02-18,organic,US
1194,2024-02-18,paid_ads,India
29,2024-02-18,paid_ads,India
363,2024-02-19,social,India
769,2024-02-19,organic,India
62,2024-02-19,organic,India
752,2024-02-19,social,US
816,2024-02-20,organic,India
737,2024-02-20,organic,India
781,2024-02-20,paid_ads,India
303,2024-02-20,paid_ads,India
39,2024-02-20,organic,India
1128,2024-02-20,organic,India
1350,2024-02-20,organic,US
1245,2024-02-20,social,UK
34,2024-02-20,social,UK
384,2024-02-20,social,India
174,2024-02-20,social,India
561,2024-02-21,organic,India
413,2024-02-21,organic,India
776,2024-02-21,paid_ads,UK
184,2024-02-21,paid_ads,US
136,2024-02-21,organic,US
228,2024-02-21,paid_ads,US
81,2024-02-22,organic,India
572,2024-02-22,paid_ads,UK
729,2024-02-22,social,India
1043,2024-02-22,social,India
400,2024-02-22,social,India
1288,2024-02-22,organic,UK
202,2024-02-22,organic,India
1150,2024-02-22,paid_ads,India
18,2024-02-22,referral,India
1339,2024-02-22,social,US
51,2024-02-22,referral,US
794,2024-02-22,paid_ads,India
70,2024-02-23,referral,India
339,2024-02-23,organic,India
1362,2024-02-23,social,US
67,2024-02-23,paid_ads,India
754,2024-02-23,organic,India
196,2024-02-23,referral,US
1348,2024-02-23,organic,US
663,2024-02-23,organic,India
1243,2024-02-23,organic,US
280,2024-02-23,paid_ads,India
261,2024-02-23,organic,Other
397,2024-02-23,organic,India
36,2024-02-24,paid_ads,India
1364,2024-02-24,social,India
722,2024-02-24,paid_ads,Other
1224,2024-02-24,organic,US
1144,2024-02-24,organic,UK
1233,2024-02-24,referral,India
411,2024-02-24,paid_ads,India
921,2024-02-24,paid_ads,India
1466,2024-02-24,referral,US
1260,2024-02-24,paid_ads,India
1401,2024-02-24,organic,India
698,2024-02-25,organic,US
840,2024-02-25,paid_ads,India
1369,2024-02-25,referral,India
864,2024-02-25,paid_ads,India
856,2024-02-25,organic,India
637,2024-02-25,paid_ads,India
1153,2024-02-26,organic,India
575,2024-02-26,organic,India
1400,2024-02-26,paid_ads,US
1240,2024-02-26,paid_ads,India
756,2024-02-26,organic,US
369,2024-02-26,organic,India
1333,2024-02-26,paid_ads,Other
1141,2024-02-26,paid_ads,India
340,2024-02-27,organic,US
642,2024-02-27,paid_ads,US
626,2024-02-27,organic,UK
389,2024-02-27,organic,India
390,2024-02-27,paid_ads,India
26,2024-02-27,paid_ads,US
435,2024-02-27,paid_ads,India
426,2024-02-27,referral,India
520,2024-02-27,organic,US
177,2024-02-28,organic,US
1297,2024-02-28,organic,India
906,2024-02-28,paid_ads,India
713,2024-02-28,social,India
30,2024-02-28,paid_ads,India
1436,2024-02-28,organic,India
1415,2024-02-28,paid_ads,India
401,2024-02-29,organic,US
246,2024-02-29,paid_ads,India
680,2024-02-29,organic,India
367,2024-02-29,referral,Other
1006,2024-02-29,paid_ads,US
1114,2024-02-29,organic,India
47,2024-02-29,social,Other
1013,2024-02-29,paid_ads,India
628,2024-03-01,social,India
814,2024-03-01,social,UK
845,2024-03-01,organic,India
1380,2024-03-01,paid_ads,India
647,2024-03-01,referral,India
312,2024-03-01,paid_ads,India
822,2024-03-01,paid_ads,India
938,2024-03-02,paid_ads,India
172,2024-03-02,organic,India
993,2024-03-02,social,Other
917,2024-03-02,organic,US
429,2024-03-02,organic,Other
114,2024-03-02,organic,US
152,2024-03-02,referral,US
1404,2024-03-02,organic,India
1200,2024-03-02,organic,India
1022,2024-03-02,organic,Other
547,2024-03-02,paid_ads,Other
1479,2024-03-02,paid_ads,India
183,2024-03-02,organic,India
1143,2024-03-03,paid_ads,India
134,2024-03-03,paid_ads,India
711,2024-03-03,paid_ads,India
96,2024-03-03,organic,India
423,2024-03-03,paid_ads,US
386,2024-03-03,paid_ads,India
1219,2024-03-03,paid_ads,US
980,2024-03-03,organic,India
1158,2024-03-03,social,Other
1179,2024-03-03,organic,India
1039,2024-03-03,referral,Other
1192,2024-03-03,referral,US
843,2024-03-03,organic,India
958,2024-03-04,organic,US
37,2024-03-04,paid_ads,India
1004,2024-03-04,referral,US
1007,2024-03-04,organic,US
905,2024-03-04,paid_ads,UK
1346,2024-03-04,organic,India
705,2024-03-05,social,India
1488,2024-03-05,organic,US
89,2024-03-05,social,US
606,2024-03-05,social,UK
497,2024-03-05,organic,India
1239,2024-03-05,organic,India
373,2024-03-05,social,India
979,2024-03-05,paid_ads,India
929,2024-03-06,social,India
149,2024-03-06,social,India
381,2024-03-06,referral,India
763,2024-03-06,organic,US
1066,2024-03-06,social,US
341,2024-03-07,organic,US
496,2024-03-07,organic,US
1050,2024-03-07,organic,India
888,2024-03-07,referral,UK
1241,2024-03-07,social,US
335,2024-03-07,paid_ads,India
1244,2024-03-07,referral,India
206,2024-03-08,organic,US
1495,2024-03-08,organic,India
1117,2024-03-08,social,India
949,2024-03-08,referral,India
1085,2024-03-08,paid_ads,India
284,2024-03-08,social,Other
886,2024-03-08,paid_ads,India
456,2024-03-09,organic,US
476,2024-03-09,organic,India
447,2024-03-09,paid_ads,India
468,2024-03-09,organic,Other
211,2024-03-09,paid_ads,US
566,2024-03-09,organic,India
1368,2024-03-09,organic,US
791,2024-03-09,paid_ads,India
1097,2024-03-09,paid_ads,India
992,2024-03-09,organic,India
946,2024-03-10,organic,India
395,2024-03-10,organic,India
912,2024-03-10,social,India
613,2024-03-10,organic,India
1314,2024-03-10,organic,India
825,2024-03-10,paid_ads,US
218,2024-03-10,organic,India
609,2024-03-11,paid_ads,India
146,2024-03-11,social,UK
91,2024-03-11,paid_ads,India
1195,2024-03-11,organic,India
1435,2024-03-12,organic,UK
1009,2024-03-12,organic,US
1029,2024-03-12,paid_ads,UK
1121,2024-03-12,organic,India
745,2024-03-12,paid_ads,India
108,2024-03-12,organic,India
1242,2024-03-12,organic,UK
6,2024-03-12,organic,India
1376,2024-03-13,organic,UK
982,2024-03-13,social,India
836,2024-03-13,paid_ads,India
1500,2024-03-13,paid_ads,India
42,2024-03-13,paid_ads,India
788,2024-03-14,organic,India
500,2024-03-14,paid_ads,India
1070,2024-03-14,social,US
1399,2024-03-14,organic,India
1100,2024-03-14,social,India
588,2024-03-14,referral,India
668,2024-03-14,social,US
1263,2024-03-14,organic,US
1161,2024-03-15,organic,India
10,2024-03-15,paid_ads,UK
916,2024-03-15,organic,Other
584,2024-03-15,organic,India
930,2024-03-15,organic,US
160,2024-03-15,referral,India
764,2024-03-15,paid_ads,India
1313,2024-03-15,organic,India
522,2024-03-15,referral,US
266,2024-03-15,referral,India
586,2024-03-16,social,India
1000,2024-03-16,organic,Other
1086,2024-03-16,organic,US
557,2024-03-16,organic,India
1327,2024-03-16,referral,US
450,2024-03-16,paid_ads,India
964,2024-03-17,organic,India
1020,2024-03-18,organic,UK
833,2024-03-18,paid_ads,India
1212,2024-03-18,paid_ads,India
734,2024-03-18,organic,India
995,2024-03-18,referral,India
1253,2024-03-18,social,Other
859,2024-03-18,paid_ads,US
773,2024-03-19,paid_ads,India
1429,2024-03-19,paid_ads,India
932,2024-03-19,referral,US
939,2024-03-19,organic,US
778,2024-03-19,social,US
650,2024-03-20,paid_ads,US
480,2024-03-20,referral,US
800,2024-03-20,organic,UK
1405,2024-03-20,paid_ads,India
782,2024-03-21,organic,India
98,2024-03-21,organic,India
1373,2024-03-21,organic,India
1185,2024-03-21,paid_ads,UK
846,2024-03-21,organic,Other
1409,2024-03-21,social,India
192,2024-03-21,organic,US
60,2024-03-21,social,UK
1294,2024-03-21,paid_ads,India
510,2024-03-21,organic,India
233,2024-03-22,referral,UK
693,2024-03-22,referral,UK
279,2024-03-22,organic,Other
1274,2024-03-22,paid_ads,UK
771,2024-03-22,social,US
1437,2024-03-22,organic,India
79,2024-03-22,organic,UK
603,2024-03-23,organic,US
898,2024-03-23,paid_ads,India
731,2024-03-23,social,US
1406,2024-03-23,paid_ads,India
562,2024-03-23,social,India
1018,2024-03-23,organic,US
158,2024-03-24,organic,India
484,2024-03-24,social,Other
978,2024-03-24,organic,US
790,2024-03-24,organic,US
53,2024-03-24,organic,India
1486,2024-03-24,organic,US
1186,2024-03-24,organic,India
271,2024-03-24,paid_ads,US
548,2024-03-24,organic,India
461,2024-03-25,paid_ads,Other
709,2024-03-25,paid_ads,India
1317,2024-03-25,organic,India
761,2024-03-25,organic,India
733,2024-03-25,organic,US
1267,2024-03-25,organic,Other
550,2024-03-26,paid_ads,India
879,2024-03-26,referral,India
454,2024-03-26,paid_ads,US
1065,2024-03-26,organic,Other
391,2024-03-26,organic,US
1191,2024-03-26,organic,India
348,2024-03-26,paid_ads,India
383,2024-03-26,paid_ads,India
712,2024-03-26,organic,US
607,2024-03-26,paid_ads,India
1426,2024-03-26,paid_ads,India
1331,2024-03-26,paid_ads,India
147,2024-03-26,organic,US
1291,2024-03-26,social,US
197,2024-03-27,social,Other
1328,2024-03-27,paid_ads,India
1232,2024-03-27,organic,India
93,2024-03-28,organic,India
20,2024-03-28,organic,Other
1252,2024-03-28,referral,India
11,2024-03-28,social,India
1175,2024-03-28,referral,India
443,2024-03-29,social,US
1026,2024-03-29,social,India
90,2024-03-29,organic,India
28,2024-03-29,paid_ads,India
1024,2024-03-29,paid_ads,US
46,2024-03-29,organic,Other
1412,2024-03-29,referral,India
956,2024-03-30,organic,India
427,2024-03-30,social,India
50,2024-03-30,social,Other
619,2024-03-30,paid_ads,US
511,2024-03-30,paid_ads,India
224,2024-03-30,organic,India
1138,2024-03-30,social,India
1106,2024-03-30,organic,India
130,2024-03-30,referral,India
1160,2024-03-30,organic,India
829,2024-03-30,referral,Other
678,2024-03-30,referral,India
515,2024-03-30,referral,India
244,2024-03-30,referral,US
618,2024-03-31,referral,US
1166,2024-03-31,organic,India
774,2024-03-31,organic,India
743,2024-04-01,organic,US
425,2024-04-01,social,UK
820,2024-04-01,referral,India
676,2024-04-01,paid_ads,Other
54,2024-04-01,organic,India
1247,2024-04-01,organic,India
634,2024-04-01,paid_ads,India
162,2024-04-01,paid_ads,US
379,2024-04-01,referral,UK
1124,2024-04-01,organic,US
513,2024-04-02,organic,India
811,2024-04-02,paid_ads,UK
449,2024-04-02,organic,India
1008,2024-04-02,organic,India
3,2024-04-02,organic,India
219,2024-04-02,paid_ads,India
1458,2024-04-02,organic,India
328,2024-04-02,paid_ads,India
275,2024-04-02,paid_ads,India
1237,2024-04-02,organic,India
918,2024-04-03,organic,India
408,2024-04-03,paid_ads,India
989,2024-04-03,social,India
936,2024-04-03,organic,India
458,2024-04-03,organic,US
915,2024-04-03,organic,India
841,2024-04-03,referral,India
801,2024-04-04,referral,India
919,2024-04-04,organic,US
724,2024-04-04,organic,India
75,2024-04-04,organic,India
990,2024-04-04,referral,India
744,2024-04-04,social,India
1090,2024-04-04,referral,UK
330,2024-04-04,paid_ads,India
506,2024-04-04,organic,Other
1251,2024-04-05,social,UK
180,2024-04-05,organic,India
227,2024-04-05,paid_ads,India
534,2024-04-05,paid_ads,India
439,2024-04-05,referral,India
135,2024-04-05,social,India
137,2024-04-05,social,India
1474,2024-04-05,organic,US
809,2024-04-05,organic,India
474,2024-04-05,paid_ads,India
216,2024-04-06,organic,Other
1246,2024-04-06,paid_ads,US
309,2024-04-06,social,India
1071,2024-04-06,paid_ads,US
1062,2024-04-06,organic,Other
1037,2024-04-06,organic,US
1392,2024-04-07,organic,India
717,2024-04-07,social,India
1363,2024-04-07,referral,India
380,2024-04-07,organic,India
770,2024-04-07,organic,India
213,2024-04-07,organic,US
1337,2024-04-07,social,UK
1448,2024-04-07,paid_ads,US
1311,2024-04-07,organic,India
852,2024-04-08,social,Other
410,2024-04-08,paid_ads,India
241,2024-04-08,organic,UK
1290,2024-04-08,organic,India
255,2024-04-08,organic,India
542,2024-04-08,organic,Other
532,2024-04-08,paid_ads,India
273,2024-04-08,referral,India
719,2024-04-08,organic,US
324,2024-04-08,social,Other
331,2024-04-08,referral,US
362,2024-04-08,organic,India
567,2024-04-08,paid_ads,India
116,2024-04-08,referral,Other
13,2024-04-09,referral,India
554,2024-04-09,organic,India
469,2024-04-09,social,India
1319,2024-04-09,organic,India
463,2024-04-09,social,India
963,2024-04-09,referral,India
1116,2024-04-09,paid_ads,India
683,2024-04-10,organic,India
1136,2024-04-10,paid_ads,US
190,2024-04-10,paid_ads,India
494,2024-04-10,organic,India
465,2024-04-10,organic,Other
901,2024-04-10,organic,US
529,2024-04-10,paid_ads,UK
120,2024-04-10,social,India
981,2024-04-10,organic,India
398,2024-04-10,paid_ads,India
1395,2024-04-10,social,India
726,2024-04-11,paid_ads,India
1391,2024-04-11,referral,India
670,2024-04-11,organic,US
1225,2024-04-12,paid_ads,US
1441,2024-04-12,referral,India
1485,2024-04-12,referral,India
169,2024-04-12,paid_ads,UK
1305,2024-04-12,organic,India
404,2024-04-12,organic,US
8,2024-04-12,social,UK
126,2024-04-12,organic,India
1,2024-04-12,organic,India
766,2024-04-12,organic,UK
63,2024-04-13,social,India
342,2024-04-13,paid_ads,India
1382,2024-04-13,organic,India
806,2024-04-13,organic,India
234,2024-04-13,paid_ads,US
14,2024-04-13,organic,India
1111,2024-04-13,social,UK
1193,2024-04-13,paid_ads,US
1101,2024-04-13,organic,Other
270,2024-04-13,referral,India
118,2024-04-13,organic,US
1031,2024-04-13,paid_ads,India
1044,2024-04-13,social,India
1045,2024-04-13,organic,Other
354,2024-04-13,social,US
1113,2024-04-13,referral,India
1187,2024-04-14,organic,India
543,2024-04-14,organic,India
630,2024-04-14,organic,UK
718,2024-04-14,organic,India
1011,2024-04-14,referral,US
518,2024-04-14,referral,US
68,2024-04-15,paid_ads,US
418,2024-04-15,organic,Other
1123,2024-04-15,organic,India
780,2024-04-15,paid_ads,India
1330,2024-04-15,referral,India
1108,2024-04-16,referral,India
1349,2024-04-16,paid_ads,India
842,2024-04-16,organic,India
870,2024-04-16,referral,India
5,2024-04-16,referral,US
1446,2024-04-17,paid_ads,US
1453,2024-04-17,referral,US
35,2024-04-17,social,India
156,2024-04-17,referral,India
1464,2024-04-17,social,US
1388,2024-04-17,organic,US
1170,2024-04-17,paid_ads,India
1292,2024-04-17,referral,India
616,2024-04-17,organic,India
402,2024-04-17,social,India
1374,2024-04-18,paid_ads,India
700,2024-04-18,paid_ads,India
605,2024-04-18,organic,India
302,2024-04-18,paid_ads,India
907,2024-04-18,organic,UK
889,2024-04-18,referral,India
1077,2024-04-18,organic,US
406,2024-04-18,organic,India
861,2024-04-18,paid_ads,India
1310,2024-04-18,social,India
577,2024-04-18,organic,US
1417,2024-04-18,paid_ads,India
1229,2024-04-19,organic,US
735,2024-04-19,paid_ads,India
278,2024-04-19,organic,UK
1139,2024-04-19,paid_ads,India
798,2024-04-20,organic,India
55,2024-04-20,paid_ads,Other
1112,2024-04-20,organic,Other
894,2024-04-20,organic,Other
868,2024-04-20,social,India
80,2024-04-20,paid_ads,India
892,2024-04-20,paid_ads,India
891,2024-04-20,organic,India
1055,2024-04-20,paid_ads,India
311,2024-04-20,paid_ads,UK
563,2024-04-20,organic,Other
1365,2024-04-20,paid_ads,India
272,2024-04-21,referral,Other
549,2024-04-21,social,India
758,2024-04-21,social,US
245,2024-04-21,paid_ads,India
913,2024-04-21,social,US
1269,2024-04-21,referral,India
546,2024-04-22,organic,India
740,2024-04-22,paid_ads,UK
247,2024-04-22,paid_ads,UK
897,2024-04-22,paid_ads,India
539,2024-04-22,paid_ads,US
851,2024-04-22,organic,India
1215,2024-04-22,paid_ads,India
935,2024-04-22,social,India
1360,2024-04-22,organic,India
952,2024-04-22,paid_ads,Other
193,2024-04-22,social,India
267,2024-04-22,organic,India
182,2024-04-22,organic,India
635,2024-04-22,organic,India
189,2024-04-22,organic,India
191,2024-04-22,paid_ads,India
1216,2024-04-23,organic,India
1183,2024-04-23,organic,US
345,2024-04-23,organic,UK
416,2024-04-23,paid_ads,Other
521,2024-04-23,social,India
1299,2024-04-23,organic,Other
1352,2024-04-24,organic,India
297,2024-04-24,organic,UK
377,2024-04-24,referral,India
1213,2024-04-24,paid_ads,India
517,2024-04-24,organic,India
865,2024-04-24,organic,India
694,2024-04-24,paid_ads,India
873,2024-04-24,organic,Other
797,2024-04-24,paid_ads,UK
1433,2024-04-24,paid_ads,India
1300,2024-04-24,organic,India
1145,2024-04-24,organic,India
1091,2024-04-24,organic,Other
265,2024-04-25,organic,US
332,2024-04-25,referral,India
212,2024-04-25,social,India
407,2024-04-25,organic,India
167,2024-04-25,organic,US
1438,2024-04-25,organic,UK
1430,2024-04-26,social,US
444,2024-04-26,paid_ads,India
1329,2024-04-26,organic,India
662,2024-04-26,paid_ads,US
565,2024-04-26,referral,US
12,2024-04-26,social,US
1154,2024-04-26,organic,US
673,2024-04-26,paid_ads,India
640,2024-04-26,paid_ads,India
996,2024-04-26,referral,India
428,2024-04-26,referral,India
322,2024-04-26,organic,India
441,2024-04-27,social,India
664,2024-04-27,paid_ads,Other
1410,2024-04-27,paid_ads,India
178,2024-04-27,paid_ads,UK
802,2024-04-27,referral,Other
1072,2024-04-27,organic,US
934,2024-04-27,organic,US
1190,2024-04-27,social,Other
749,2024-04-27,organic,India
948,2024-04-27,organic,Other
651,2024-04-27,paid_ads,UK
704,2024-04-27,organic,India
875,2024-04-28,organic,Other
702,2024-04-28,referral,India
298,2024-04-28,organic,India
1281,2024-04-28,referral,US
524,2024-04-29,paid_ads,US
997,2024-04-29,organic,India
1493,2024-04-29,organic,India
422,2024-04-29,referral,US
262,2024-04-29,organic,India
1456,2024-04-29,social,India
1255,2024-04-29,referral,India
1119,2024-04-29,organic,India
1296,2024-04-29,organic,India
164,2024-04-30,organic,India
839,2024-04-30,organic,UK
908,2024-04-30,social,US
166,2024-04-30,organic,India
1481,2024-04-30,organic,India
815,2024-05-01,organic,US
581,2024-05-01,organic,India
675,2024-05-01,organic,India
598,2024-05-01,referral,India
1326,2024-05-01,organic,India
1126,2024-05-01,referral,US
1344,2024-05-01,social,UK
436,2024-05-01,referral,India
9,2024-05-01,social,India
1475,2024-05-02,organic,India
103,2024-05-02,organic,UK
1019,2024-05-02,organic,India
1199,2024-05-02,organic,India
751,2024-05-02,paid_ads,India
207,2024-05-02,organic,India
571,2024-05-02,social,Other
1069,2024-05-02,social,US
132,2024-05-03,organic,India
217,2024-05-03,social,India
489,2024-05-03,referral,India
1231,2024-05-03,referral,US
325,2024-05-03,organic,India
84,2024-05-03,paid_ads,India
417,2024-05-03,organic,US
387,2024-05-04,paid_ads,India
1035,2024-05-04,paid_ads,India
1270,2024-05-04,organic,US
440,2024-05-05,organic,Other
880,2024-05-05,referral,Other
1465,2024-05-05,referral,India
622,2024-05-05,paid_ads,India
961,2024-05-05,organic,UK
625,2024-05-05,referral,India
795,2024-05-05,organic,India
200,2024-05-05,referral,India
431,2024-05-06,paid_ads,Other
629,2024-05-06,social,US
350,2024-05-06,paid_ads,India
1122,2024-05-06,organic,India
855,2024-05-06,organic,India
277,2024-05-07,paid_ads,Other
231,2024-05-07,social,Other
560,2024-05-07,organic,India
161,2024-05-07,paid_ads,India
1298,2024-05-07,social,India
290,2024-05-07,organic,India
1168,2024-05-07,organic,Other
1316,2024-05-07,paid_ads,India
294,2024-05-07,paid_ads,India
336,2024-05-07,paid_ads,UK
482,2024-05-07,organic,India
445,2024-05-08,organic,India
198,2024-05-08,social,US
434,2024-05-08,organic,India
1276,2024-05-08,organic,India
163,2024-05-08,paid_ads,US
1379,2024-05-08,organic,India
94,2024-05-08,organic,US
235,2024-05-08,paid_ads,India
720,2024-05-08,organic,UK
249,2024-05-08,organic,UK
1221,2024-05-08,organic,UK
1280,2024-05-09,paid_ads,US
1347,2024-05-09,organic,India
1163,2024-05-09,paid_ads,US
860,2024-05-09,paid_ads,India
508,2024-05-09,organic,US
1088,2024-05-09,referral,US
52,2024-05-09,organic,India
352,2024-05-09,organic,India
23,2024-05-09,social,India
201,2024-05-09,organic,India
195,2024-05-09,paid_ads,Other
974,2024-05-09,paid_ads,US
977,2024-05-09,organic,India
187,2024-05-09,organic,India
258,2024-05-10,organic,Other
633,2024-05-10,organic,India
1387,2024-05-10,organic,UK
1226,2024-05-10,organic,India
1449,2024-05-10,referral,India
16,2024-05-10,referral,India
38,2024-05-10,referral,Other
122,2024-05-10,paid_ads,US
188,2024-05-10,social,India
923,2024-05-10,organic,US
1220,2024-05-11,social,US
611,2024-05-11,organic,India
64,2024-05-11,paid_ads,US
1023,2024-05-11,organic,Other
45,2024-05-11,paid_ads,India
138,2024-05-11,paid_ads,US
807,2024-05-11,paid_ads,India
805,2024-05-11,organic,US
785,2024-05-11,paid_ads,Other
945,2024-05-12,paid_ads,India
1487,2024-05-12,paid_ads,US
1118,2024-05-12,organic,India
827,2024-05-12,referral,UK
725,2024-05-12,organic,Other
783,2024-05-12,social,India
755,2024-05-12,paid_ads,India
582,2024-05-12,paid_ads,US
967,2024-05-13,paid_ads,UK
933,2024-05-13,organic,Other
641,2024-05-13,referral,India
1103,2024-05-13,organic,US
692,2024-05-13,paid_ads,India
153,2024-05-13,organic,Other
1049,2024-05-13,paid_ads,India
1335,2024-05-13,organic,UK
66,2024-05-13,paid_ads,India
292,2024-05-14,organic,India
40,2024-05-14,social,Other
1051,2024-05-14,referral,US
1427,2024-05-14,paid_ads,India
1236,2024-05-14,paid_ads,India
1164,2024-05-14,paid_ads,India
107,2024-05-14,organic,US
368,2024-05-14,organic,US
519,2024-05-14,paid_ads,US
940,2024-05-15,organic,UK
291,2024-05-15,referral,India
95,2024-05-15,organic,Other
604,2024-05-15,organic,UK
1081,2024-05-15,organic,India
679,2024-05-15,paid_ads,Other
99,2024-05-15,organic,India
432,2024-05-16,organic,US
356,2024-05-16,organic,India
128,2024-05-16,referral,India
1151,2024-05-16,organic,India
922,2024-05-16,organic,Other
595,2024-05-16,paid_ads,India
1432,2024-05-16,organic,India
171,2024-05-16,referral,India
1287,2024-05-16,paid_ads,India
1127,2024-05-16,paid_ads,India
998,2024-05-16,organic,India
1340,2024-05-17,paid_ads,India
528,2024-05-17,organic,UK
887,2024-05-17,social,US
972,2024-05-17,referral,India
786,2024-05-17,organic,India
472,2024-05-17,referral,India
214,2024-05-18,referral,India
962,2024-05-18,organic,India
97,2024-05-18,paid_ads,US
251,2024-05-19,referral,India
433,2024-05-19,paid_ads,India
486,2024-05-19,paid_ads,India
1109,2024-05-19,organic,India
555,2024-05-19,referral,UK
1282,2024-05-19,paid_ads,India
568,2024-05-19,organic,US
953,2024-05-19,social,India
1460,2024-05-20,organic,India
1471,2024-05-20,referral,US
1197,2024-05-20,referral,India
689,2024-05-20,organic,US
551,2024-05-20,referral,India
624,2024-05-20,organic,Other
592,2024-05-20,paid_ads,India
1110,2024-05-20,referral,UK
1074,2024-05-20,referral,US
504,2024-05-20,organic,US
1492,2024-05-21,social,India
286,2024-05-21,organic,US
1259,2024-05-21,organic,US
376,2024-05-21,organic,India
580,2024-05-21,organic,India
125,2024-05-21,paid_ads,India
957,2024-05-21,organic,India
762,2024-05-21,organic,India
985,2024-05-22,organic,Other
1414,2024-05-22,organic,US
1040,2024-05-22,referral,UK
378,2024-05-22,social,India
659,2024-05-22,referral,India
140,2024-05-22,organic,India
1147,2024-05-22,organic,India
375,2024-05-23,organic,India
414,2024-05-23,paid_ads,India
803,2024-05-23,paid_ads,US
1257,2024-05-23,organic,India
574,2024-05-23,organic,US
459,2024-05-23,social,Other
215,2024-05-23,organic,India
243,2024-05-23,organic,UK
666,2024-05-23,organic,US
564,2024-05-23,referral,India
452,2024-05-23,paid_ads,Other
1207,2024-05-23,organic,Other
608,2024-05-24,social,Other
208,2024-05-24,referral,Other
1042,2024-05-24,referral,US
883,2024-05-24,paid_ads,US
686,2024-05-24,paid_ads,US
421,2024-05-24,paid_ads,UK
1342,2024-05-24,organic,India
293,2024-05-24,paid_ads,UK
1423,2024-05-24,social,US
787,2024-05-24,organic,India
732,2024-05-24,referral,US
757,2024-05-24,paid_ads,India
589,2024-05-24,paid_ads,India
71,2024-05-25,paid_ads,India
655,2024-05-25,organic,India
1496,2024-05-25,organic,India
585,2024-05-25,social,US
1027,2024-05-25,paid_ads,UK
276,2024-05-25,paid_ads,UK
706,2024-05-25,organic,India
1440,2024-05-25,organic,Other
890,2024-05-25,social,India
1315,2024-05-25,paid_ads,India
653,2024-05-26,organic,US
1271,2024-05-26,paid_ads,US
1268,2024-05-26,organic,India
199,2024-05-26,referral,India
473,2024-05-26,organic,India
256,2024-05-26,organic,UK
556,2024-05-26,organic,India
223,2024-05-26,social,India
420,2024-05-26,organic,UK
314,2024-05-26,organic,UK
225,2024-05-26,social,UK
817,2024-05-26,social,India
259,2024-05-27,paid_ads,India
1189,2024-05-27,organic,US
627,2024-05-27,paid_ads,India
289,2024-05-27,referral,US
1372,2024-05-27,referral,India
221,2024-05-27,organic,India
1098,2024-05-27,organic,US
1278,2024-05-27,organic,US
226,2024-05-27,paid_ads,US
1355,2024-05-28,organic,India
1408,2024-05-28,social,India
1148,2024-05-28,organic,Other
721,2024-05-28,referral,India
824,2024-05-28,organic,UK
649,2024-05-28,organic,India
1137,2024-05-28,referral,India
1367,2024-05-29,organic,US
1180,2024-05-29,social,India
17,2024-05-29,organic,India
1005,2024-05-29,paid_ads,India
910,2024-05-29,paid_ads,US
388,2024-05-29,organic,US
869,2024-05-30,organic,India
139,2024-05-30,referral,India
238,2024-05-30,paid_ads,US
1266,2024-05-30,social,US
799,2024-05-30,organic,US
573,2024-05-30,paid_ads,India
971,2024-05-30,paid_ads,India
113,2024-05-30,social,India
536,2024-05-30,paid_ads,US
760,2024-05-30,paid_ads,India
349,2024-05-30,organic,India
1133,2024-05-30,referral,Other
1424,2024-05-30,paid_ads,India
927,2024-05-31,organic,India
920,2024-05-31,social,India
260,2024-05-31,paid_ads,Other
176,2024-05-31,paid_ads,India
530,2024-05-31,organic,UK
264,2024-05-31,organic,India
1445,2024-05-31,social,India
535,2024-05-31,organic,India
15,2024-05-31,organic,India
485,2024-05-31,referral,India
1366,2024-05-31,paid_ads,US
671,2024-05-31,organic,India
365,2024-05-31,organic,India
1172,2024-05-31,organic,India
986,2024-05-31,referral,India
1484,2024-06-01,organic,India
636,2024-06-01,organic,India
274,2024-06-01,paid_ads,India
364,2024-06-01,referral,US
696,2024-06-01,organic,UK
1041,2024-06-01,organic,India
385,2024-06-01,referral,India
1498,2024-06-01,paid_ads,Other
1459,2024-06-01,organic,India
1325,2024-06-01,organic,India
451,2024-06-02,paid_ads,India
1308,2024-06-02,referral,India
1021,2024-06-02,referral,India
947,2024-06-02,social,India
1181,2024-06-02,organic,US
747,2024-06-02,organic,India
83,2024-06-02,social,US
1155,2024-06-02,referral,India
862,2024-06-02,organic,India
514,2024-06-02,organic,Other
1343,2024-06-02,organic,UK
1416,2024-06-02,paid_ads,India
1375,2024-06-02,paid_ads,India
1063,2024-06-03,social,Other
810,2024-06-03,organic,India
170,2024-06-03,organic,UK
835,2024-06-03,referral,India
1058,2024-06-03,organic,India
685,2024-06-03,paid_ads,US
1089,2024-06-03,referral,India
351,2024-06-03,paid_ads,Other
672,2024-06-04,referral,India
1182,2024-06-04,paid_ads,Other
523,2024-06-05,organic,India
1223,2024-06-05,referral,UK
1060,2024-06-05,referral,India
1056,2024-06-05,organic,India
688,2024-06-05,organic,US
1080,2024-06-05,referral,US
86,2024-06-05,organic,US
1083,2024-06-05,referral,India
419,2024-06-06,paid_ads,India
1483,2024-06-06,paid_ads,India
300,2024-06-06,organic,UK
320,2024-06-06,paid_ads,India
1295,2024-06-06,referral,India
1469,2024-06-06,organic,India
1202,2024-06-06,social,UK
1494,2024-06-06,organic,Other
21,2024-06-06,organic,US
614,2024-06-07,social,UK
660,2024-06-07,referral,India
239,2024-06-07,referral,Other
1075,2024-06-07,social,Other
1444,2024-06-07,organic,India
1473,2024-06-08,paid_ads,India
483,2024-06-08,organic,India
253,2024-06-08,organic,India
645,2024-06-08,organic,US
145,2024-06-08,social,India
205,2024-06-08,paid_ads,UK
179,2024-06-08,paid_ads,Other
204,2024-06-08,organic,India
333,2024-06-08,organic,India
812,2024-06-08,referral,UK
229,2024-06-09,organic,India
334,2024-06-09,social,India
498,2024-06-09,social,India
638,2024-06-09,organic,US
1176,2024-06-09,paid_ads,US
263,2024-06-09,organic,India
1461,2024-06-09,paid_ads,India
491,2024-06-09,paid_ads,US
716,2024-06-09,organic,India
966,2024-06-09,paid_ads,India
25,2024-06-09,referral,UK
355,2024-06-09,paid_ads,India
1265,2024-06-09,paid_ads,India
283,2024-06-09,paid_ads,India
687,2024-06-09,organic,Other
516,2024-06-10,organic,Other
110,2024-06-10,referral,UK
1230,2024-06-10,organic,India
1249,2024-06-10,organic,India
1165,2024-06-10,referral,India
73,2024-06-10,organic,UK
748,2024-06-10,organic,India
999,2024-06-10,paid_ads,US
488,2024-06-11,organic,India
101,2024-06-11,referral,India
281,2024-06-11,paid_ads,UK
988,2024-06-11,organic,India
583,2024-06-11,referral,India
100,2024-06-11,organic,India
222,2024-06-12,paid_ads,India
268,2024-06-12,social,India
1359,2024-06-12,paid_ads,India
652,2024-06-12,paid_ads,India
61,2024-06-12,social,India
525,2024-06-12,paid_ads,India
527,2024-06-12,organic,India
1059,2024-06-12,organic,India
1140,2024-06-12,paid_ads,US
677,2024-06-12,organic,US
1092,2024-06-12,organic,Other
601,2024-06-13,referral,Other
730,2024-06-13,social,India
1258,2024-06-13,social,US
1016,2024-06-13,organic,UK
1324,2024-06-13,organic,Other
173,2024-06-13,social,Other
602,2024-06-14,organic,US
777,2024-06-14,organic,UK
639,2024-06-14,organic,India
1217,2024-06-14,paid_ads,UK
767,2024-06-14,paid_ads,India
1321,2024-06-14,social,UK
1286,2024-06-14,paid_ads,India
1036,2024-06-14,paid_ads,India
269,2024-06-14,organic,India
617,2024-06-15,social,UK
579,2024-06-15,organic,India
631,2024-06-15,social,India
1439,2024-06-15,social,India
43,2024-06-15,organic,India
593,2024-06-16,organic,India
1146,2024-06-16,organic,Other
896,2024-06-16,paid_ads,US
1452,2024-06-16,paid_ads,India
499,2024-06-16,paid_ads,India
976,2024-06-16,referral,India
1208,2024-06-16,paid_ads,India
412,2024-06-16,paid_ads,India
230,2024-06-16,social,Other
1336,2024-06-16,organic,India
1156,2024-06-17,paid_ads,India
282,2024-06-17,referral,US
900,2024-06-17,referral,India
360,2024-06-18,organic,India
821,2024-06-18,referral,US
1467,2024-06-18,social,Other
594,2024-06-18,paid_ads,US
394,2024-06-18,referral,India
150,2024-06-18,social,India
31,2024-06-18,organic,US
1463,2024-06-18,organic,India
141,2024-06-19,referral,US
1169,2024-06-19,referral,US
1115,2024-06-19,social,US
1381,2024-06-19,social,India
1451,2024-06-19,referral,India
493,2024-06-19,referral,India
1389,2024-06-20,referral,Other
319,2024-06-20,organic,UK
203,2024-06-20,paid_ads,UK
973,2024-06-20,paid_ads,UK
175,2024-06-20,organic,Other
1289,2024-06-20,organic,Other
117,2024-06-20,paid_ads,India
56,2024-06-20,organic,UK
738,2024-06-21,organic,Other
1087,2024-06-21,paid_ads,India
623,2024-06-21,organic,India
1491,2024-06-21,organic,India
1205,2024-06-21,social,India
644,2024-06-21,organic,India
1341,2024-06-21,organic,India
646,2024-06-21,organic,India
943,2024-06-21,organic,US
371,2024-06-21,organic,US
343,2024-06-22,organic,US
591,2024-06-22,organic,India
1149,2024-06-23,organic,Other
58,2024-06-23,social,India
347,2024-06-23,paid_ads,India
121,2024-06-23,social,India
33,2024-06-23,paid_ads,India
1214,2024-06-23,paid_ads,India
460,2024-06-24,referral,India
1434,2024-06-24,organic,India
296,2024-06-24,paid_ads,Other
358,2024-06-24,organic,India
1261,2024-06-24,referral,India
1499,2024-06-24,referral,US
553,2024-06-25,organic,India
1188,2024-06-25,organic,India
707,2024-06-25,referral,UK
715,2024-06-25,social,India
531,2024-06-25,referral,India
1177,2024-06-25,organic,India
1489,2024-06-25,referral,US
832,2024-06-25,referral,India
1235,2024-06-26,social,India
596,2024-06-26,paid_ads,India
681,2024-06-26,organic,Other
968,2024-06-26,social,US
994,2024-06-26,paid_ads,US
237,2024-06-26,paid_ads,India
813,2024-06-26,referral,US
487,2024-06-26,organic,US
765,2024-06-27,organic,US
1198,2024-06-27,social,India
453,2024-06-27,social,US
492,2024-06-27,referral,US
1171,2024-06-27,paid_ads,UK
937,2024-06-27,paid_ads,India
1390,2024-06-27,paid_ads,US
942,2024-06-27,organic,India
133,2024-06-27,organic,India
1048,2024-06-27,social,India
1046,2024-06-27,referral,India
1052,2024-06-27,organic,US
1034,2024-06-27,organic,India
1218,2024-06-27,paid_ads,US
775,2024-06-27,social,India
570,2024-06-28,referral,UK
1174,2024-06-28,paid_ads,UK
903,2024-06-28,organic,US
1152,2024-06-28,referral,India
181,2024-06-28,paid_ads,US
1078,2024-06-28,organic,India
471,2024-06-28,organic,India
2,2024-06-28,organic,India
853,2024-06-28,paid_ads,India
393,2024-06-28,social,India
